[{"model": "admin.logentry", "pk": 1, "fields": {"action_time": "2025-06-02T09:16:51.637Z", "user": 1, "content_type": 7, "object_id": "1", "object_repr": "1", "action_flag": 1, "change_message": "[{\"added\": {}}]"}}, {"model": "admin.logentry", "pk": 2, "fields": {"action_time": "2025-06-02T09:16:59.978Z", "user": 1, "content_type": 7, "object_id": "2", "object_repr": "2", "action_flag": 1, "change_message": "[{\"added\": {}}]"}}, {"model": "admin.logentry", "pk": 3, "fields": {"action_time": "2025-06-02T09:17:07.180Z", "user": 1, "content_type": 7, "object_id": "3", "object_repr": "3", "action_flag": 1, "change_message": "[{\"added\": {}}]"}}, {"model": "admin.logentry", "pk": 4, "fields": {"action_time": "2025-06-02T09:17:17.199Z", "user": 1, "content_type": 7, "object_id": "4", "object_repr": "4", "action_flag": 1, "change_message": "[{\"added\": {}}]"}}, {"model": "admin.logentry", "pk": 5, "fields": {"action_time": "2025-06-02T09:17:44.253Z", "user": 1, "content_type": 6, "object_id": "1", "object_repr": "Soap", "action_flag": 1, "change_message": "[{\"added\": {}}]"}}, {"model": "admin.logentry", "pk": 6, "fields": {"action_time": "2025-06-02T09:18:24.624Z", "user": 1, "content_type": 10, "object_id": "1", "object_repr": "my product", "action_flag": 1, "change_message": "[{\"added\": {}}]"}}, {"model": "admin.logentry", "pk": 7, "fields": {"action_time": "2025-06-02T09:35:57.590Z", "user": 1, "content_type": 7, "object_id": "4", "object_repr": "4", "action_flag": 3, "change_message": ""}}, {"model": "admin.logentry", "pk": 8, "fields": {"action_time": "2025-06-02T09:35:57.591Z", "user": 1, "content_type": 7, "object_id": "3", "object_repr": "3", "action_flag": 3, "change_message": ""}}, {"model": "admin.logentry", "pk": 9, "fields": {"action_time": "2025-06-02T09:35:57.591Z", "user": 1, "content_type": 7, "object_id": "2", "object_repr": "2", "action_flag": 3, "change_message": ""}}, {"model": "admin.logentry", "pk": 10, "fields": {"action_time": "2025-06-02T09:35:57.591Z", "user": 1, "content_type": 7, "object_id": "1", "object_repr": "1", "action_flag": 3, "change_message": ""}}, {"model": "admin.logentry", "pk": 11, "fields": {"action_time": "2025-06-02T09:36:12.334Z", "user": 1, "content_type": 7, "object_id": "5", "object_repr": "1", "action_flag": 1, "change_message": "[{\"added\": {}}]"}}, {"model": "admin.logentry", "pk": 12, "fields": {"action_time": "2025-06-02T09:36:20.730Z", "user": 1, "content_type": 7, "object_id": "6", "object_repr": "2", "action_flag": 1, "change_message": "[{\"added\": {}}]"}}, {"model": "admin.logentry", "pk": 13, "fields": {"action_time": "2025-06-02T09:36:29.126Z", "user": 1, "content_type": 7, "object_id": "7", "object_repr": "3", "action_flag": 1, "change_message": "[{\"added\": {}}]"}}, {"model": "admin.logentry", "pk": 14, "fields": {"action_time": "2025-06-02T09:36:37.523Z", "user": 1, "content_type": 7, "object_id": "8", "object_repr": "4", "action_flag": 1, "change_message": "[{\"added\": {}}]"}}, {"model": "admin.logentry", "pk": 15, "fields": {"action_time": "2025-06-02T09:37:52.232Z", "user": 1, "content_type": 10, "object_id": "1", "object_repr": "my product", "action_flag": 2, "change_message": "[{\"changed\": {\"fields\": [\"Images\"]}}]"}}, {"model": "admin.logentry", "pk": 16, "fields": {"action_time": "2025-06-02T09:42:33.505Z", "user": 1, "content_type": 6, "object_id": "1", "object_repr": "Soap", "action_flag": 2, "change_message": "[{\"changed\": {\"fields\": [\"Image\"]}}]"}}, {"model": "admin.logentry", "pk": 17, "fields": {"action_time": "2025-06-02T09:44:45.881Z", "user": 1, "content_type": 10, "object_id": "2", "object_repr": "my product 2", "action_flag": 1, "change_message": "[{\"added\": {}}]"}}, {"model": "admin.logentry", "pk": 18, "fields": {"action_time": "2025-06-02T10:26:04.513Z", "user": 1, "content_type": 6, "object_id": "1", "object_repr": "Soap", "action_flag": 3, "change_message": ""}}, {"model": "admin.logentry", "pk": 19, "fields": {"action_time": "2025-06-02T10:27:08.225Z", "user": 1, "content_type": 6, "object_id": "2", "object_repr": "COMBO OFFERS", "action_flag": 1, "change_message": "[{\"added\": {}}]"}}, {"model": "admin.logentry", "pk": 20, "fields": {"action_time": "2025-06-02T10:27:29.561Z", "user": 1, "content_type": 6, "object_id": "3", "object_repr": "BODY CARE", "action_flag": 1, "change_message": "[{\"added\": {}}]"}}, {"model": "admin.logentry", "pk": 21, "fields": {"action_time": "2025-06-02T10:27:47.546Z", "user": 1, "content_type": 6, "object_id": "4", "object_repr": "FACE CARE", "action_flag": 1, "change_message": "[{\"added\": {}}]"}}, {"model": "admin.logentry", "pk": 22, "fields": {"action_time": "2025-06-02T10:28:14.077Z", "user": 1, "content_type": 6, "object_id": "5", "object_repr": "HAIR CARE", "action_flag": 1, "change_message": "[{\"added\": {}}]"}}, {"model": "admin.logentry", "pk": 23, "fields": {"action_time": "2025-06-02T10:28:34.253Z", "user": 1, "content_type": 6, "object_id": "6", "object_repr": "LIP CARE", "action_flag": 1, "change_message": "[{\"added\": {}}]"}}, {"model": "admin.logentry", "pk": 24, "fields": {"action_time": "2025-06-02T10:28:44.278Z", "user": 1, "content_type": 6, "object_id": "5", "object_repr": "HAIR CARE", "action_flag": 2, "change_message": "[{\"changed\": {\"fields\": [\"Image\"]}}]"}}, {"model": "admin.logentry", "pk": 25, "fields": {"action_time": "2025-06-02T10:28:59.739Z", "user": 1, "content_type": 7, "object_id": "8", "object_repr": "4", "action_flag": 3, "change_message": ""}}, {"model": "admin.logentry", "pk": 26, "fields": {"action_time": "2025-06-02T10:28:59.739Z", "user": 1, "content_type": 7, "object_id": "7", "object_repr": "3", "action_flag": 3, "change_message": ""}}, {"model": "admin.logentry", "pk": 27, "fields": {"action_time": "2025-06-02T10:28:59.739Z", "user": 1, "content_type": 7, "object_id": "6", "object_repr": "2", "action_flag": 3, "change_message": ""}}, {"model": "admin.logentry", "pk": 28, "fields": {"action_time": "2025-06-02T10:28:59.739Z", "user": 1, "content_type": 7, "object_id": "5", "object_repr": "1", "action_flag": 3, "change_message": ""}}, {"model": "admin.logentry", "pk": 29, "fields": {"action_time": "2025-06-02T10:40:46.120Z", "user": 1, "content_type": 6, "object_id": "6", "object_repr": "LIP CARE", "action_flag": 2, "change_message": "[{\"changed\": {\"fields\": [\"Image\"]}}]"}}, {"model": "admin.logentry", "pk": 30, "fields": {"action_time": "2025-06-02T10:40:57.505Z", "user": 1, "content_type": 6, "object_id": "5", "object_repr": "HAIR CARE", "action_flag": 2, "change_message": "[{\"changed\": {\"fields\": [\"Image\"]}}]"}}, {"model": "admin.logentry", "pk": 31, "fields": {"action_time": "2025-06-02T10:42:09.105Z", "user": 1, "content_type": 6, "object_id": "4", "object_repr": "FACE CARE", "action_flag": 2, "change_message": "[{\"changed\": {\"fields\": [\"Image\"]}}]"}}, {"model": "admin.logentry", "pk": 32, "fields": {"action_time": "2025-06-02T10:42:23.033Z", "user": 1, "content_type": 6, "object_id": "3", "object_repr": "BODY CARE", "action_flag": 2, "change_message": "[{\"changed\": {\"fields\": [\"Image\"]}}]"}}, {"model": "admin.logentry", "pk": 33, "fields": {"action_time": "2025-06-02T10:42:32.829Z", "user": 1, "content_type": 6, "object_id": "2", "object_repr": "COMBO OFFERS", "action_flag": 2, "change_message": "[{\"changed\": {\"fields\": [\"Image\"]}}]"}}, {"model": "admin.logentry", "pk": 34, "fields": {"action_time": "2025-06-02T10:49:47.060Z", "user": 1, "content_type": 7, "object_id": "9", "object_repr": "Hair care combo 1", "action_flag": 1, "change_message": "[{\"added\": {}}]"}}, {"model": "admin.logentry", "pk": 35, "fields": {"action_time": "2025-06-02T10:50:02.585Z", "user": 1, "content_type": 7, "object_id": "10", "object_repr": "Hair care combo 2", "action_flag": 1, "change_message": "[{\"added\": {}}]"}}, {"model": "admin.logentry", "pk": 36, "fields": {"action_time": "2025-06-02T10:50:21.580Z", "user": 1, "content_type": 7, "object_id": "11", "object_repr": "Hair care combo 3", "action_flag": 1, "change_message": "[{\"added\": {}}]"}}, {"model": "admin.logentry", "pk": 37, "fields": {"action_time": "2025-06-02T10:50:36.953Z", "user": 1, "content_type": 7, "object_id": "12", "object_repr": "Hair care combo 4", "action_flag": 1, "change_message": "[{\"added\": {}}]"}}, {"model": "admin.logentry", "pk": 38, "fields": {"action_time": "2025-06-02T10:52:31.913Z", "user": 1, "content_type": 10, "object_id": "3", "object_repr": "Hair Care", "action_flag": 1, "change_message": "[{\"added\": {}}]"}}, {"model": "admin.logentry", "pk": 39, "fields": {"action_time": "2025-06-02T10:54:41.937Z", "user": 1, "content_type": 7, "object_id": "13", "object_repr": "Sun Protection Combo 1", "action_flag": 1, "change_message": "[{\"added\": {}}]"}}, {"model": "admin.logentry", "pk": 40, "fields": {"action_time": "2025-06-02T10:54:58.401Z", "user": 1, "content_type": 7, "object_id": "14", "object_repr": "Sun Protection Combo 2", "action_flag": 1, "change_message": "[{\"added\": {}}]"}}, {"model": "admin.logentry", "pk": 41, "fields": {"action_time": "2025-06-02T10:55:41.757Z", "user": 1, "content_type": 7, "object_id": "15", "object_repr": "Sun Protection Combo 3", "action_flag": 1, "change_message": "[{\"added\": {}}]"}}, {"model": "admin.logentry", "pk": 42, "fields": {"action_time": "2025-06-02T10:56:01.848Z", "user": 1, "content_type": 7, "object_id": "16", "object_repr": "Sun Protection Combo 4", "action_flag": 1, "change_message": "[{\"added\": {}}]"}}, {"model": "admin.logentry", "pk": 43, "fields": {"action_time": "2025-06-02T10:56:37.529Z", "user": 1, "content_type": 7, "object_id": "17", "object_repr": "Sun Protection Combo 5", "action_flag": 1, "change_message": "[{\"added\": {}}]"}}, {"model": "admin.logentry", "pk": 44, "fields": {"action_time": "2025-06-02T10:56:54.648Z", "user": 1, "content_type": 7, "object_id": "18", "object_repr": "Sun Protection Combo 6", "action_flag": 1, "change_message": "[{\"added\": {}}]"}}, {"model": "admin.logentry", "pk": 45, "fields": {"action_time": "2025-06-02T10:57:14.792Z", "user": 1, "content_type": 7, "object_id": "19", "object_repr": "Sun Protection Combo 7", "action_flag": 1, "change_message": "[{\"added\": {}}]"}}, {"model": "admin.logentry", "pk": 46, "fields": {"action_time": "2025-06-02T10:57:22.003Z", "user": 1, "content_type": 10, "object_id": "4", "object_repr": "Sun Protection Combo", "action_flag": 1, "change_message": "[{\"added\": {}}]"}}, {"model": "admin.logentry", "pk": 47, "fields": {"action_time": "2025-06-02T11:00:36.526Z", "user": 1, "content_type": 7, "object_id": "20", "object_repr": "Aluvera Soap 1", "action_flag": 1, "change_message": "[{\"added\": {}}]"}}, {"model": "admin.logentry", "pk": 48, "fields": {"action_time": "2025-06-02T11:00:55.262Z", "user": 1, "content_type": 7, "object_id": "21", "object_repr": "Aluvera Soap 2", "action_flag": 1, "change_message": "[{\"added\": {}}]"}}, {"model": "admin.logentry", "pk": 49, "fields": {"action_time": "2025-06-02T11:01:07.594Z", "user": 1, "content_type": 7, "object_id": "22", "object_repr": "Aluvera Soap 3", "action_flag": 1, "change_message": "[{\"added\": {}}]"}}, {"model": "admin.logentry", "pk": 50, "fields": {"action_time": "2025-06-02T11:01:18.540Z", "user": 1, "content_type": 10, "object_id": "5", "object_repr": "Aluvera Soap", "action_flag": 1, "change_message": "[{\"added\": {}}]"}}, {"model": "admin.logentry", "pk": 51, "fields": {"action_time": "2025-06-02T11:04:58.758Z", "user": 1, "content_type": 10, "object_id": "5", "object_repr": "Aluvera soap", "action_flag": 2, "change_message": "[{\"changed\": {\"fields\": [\"Name\", \"Description\"]}}]"}}, {"model": "admin.logentry", "pk": 52, "fields": {"action_time": "2025-06-02T11:09:45.021Z", "user": 1, "content_type": 7, "object_id": "22", "object_repr": "Aluvera Soap 2", "action_flag": 2, "change_message": "[{\"changed\": {\"fields\": [\"Alt text\"]}}]"}}, {"model": "admin.logentry", "pk": 53, "fields": {"action_time": "2025-06-02T11:09:54.564Z", "user": 1, "content_type": 7, "object_id": "21", "object_repr": "Aluvera Soap 1", "action_flag": 2, "change_message": "[{\"changed\": {\"fields\": [\"Alt text\"]}}]"}}, {"model": "admin.logentry", "pk": 54, "fields": {"action_time": "2025-06-02T11:10:00.968Z", "user": 1, "content_type": 7, "object_id": "20", "object_repr": "Aluvera Soap 3", "action_flag": 2, "change_message": "[{\"changed\": {\"fields\": [\"Alt text\"]}}]"}}, {"model": "admin.logentry", "pk": 55, "fields": {"action_time": "2025-06-02T11:10:06.518Z", "user": 1, "content_type": 7, "object_id": "22", "object_repr": "Aluvera soap 2", "action_flag": 2, "change_message": "[{\"changed\": {\"fields\": [\"Alt text\"]}}]"}}, {"model": "admin.logentry", "pk": 56, "fields": {"action_time": "2025-06-02T11:10:14.047Z", "user": 1, "content_type": 7, "object_id": "21", "object_repr": "Aluvera soap 1", "action_flag": 2, "change_message": "[{\"changed\": {\"fields\": [\"Alt text\"]}}]"}}, {"model": "admin.logentry", "pk": 57, "fields": {"action_time": "2025-06-02T11:10:20.382Z", "user": 1, "content_type": 7, "object_id": "20", "object_repr": "Aluvera soap 3", "action_flag": 2, "change_message": "[{\"changed\": {\"fields\": [\"Alt text\"]}}]"}}, {"model": "admin.logentry", "pk": 58, "fields": {"action_time": "2025-06-02T11:11:55.882Z", "user": 1, "content_type": 7, "object_id": "23", "object_repr": "Charcoal  soap 1", "action_flag": 1, "change_message": "[{\"added\": {}}]"}}, {"model": "admin.logentry", "pk": 59, "fields": {"action_time": "2025-06-02T11:12:10.143Z", "user": 1, "content_type": 7, "object_id": "24", "object_repr": "Charcoal  soap 2", "action_flag": 1, "change_message": "[{\"added\": {}}]"}}, {"model": "admin.logentry", "pk": 60, "fields": {"action_time": "2025-06-02T11:12:24.627Z", "user": 1, "content_type": 7, "object_id": "25", "object_repr": "Charcoal  soap 3", "action_flag": 1, "change_message": "[{\"added\": {}}]"}}, {"model": "admin.logentry", "pk": 61, "fields": {"action_time": "2025-06-02T11:12:31.030Z", "user": 1, "content_type": 10, "object_id": "6", "object_repr": "Charcoal  soap", "action_flag": 1, "change_message": "[{\"added\": {}}]"}}, {"model": "admin.logentry", "pk": 62, "fields": {"action_time": "2025-06-02T11:14:09.145Z", "user": 1, "content_type": 7, "object_id": "26", "object_repr": "Kuppaimeni soap 1", "action_flag": 1, "change_message": "[{\"added\": {}}]"}}, {"model": "admin.logentry", "pk": 63, "fields": {"action_time": "2025-06-02T11:14:22.648Z", "user": 1, "content_type": 7, "object_id": "27", "object_repr": "Kuppaimeni soap 2", "action_flag": 1, "change_message": "[{\"added\": {}}]"}}, {"model": "admin.logentry", "pk": 64, "fields": {"action_time": "2025-06-02T11:14:36.827Z", "user": 1, "content_type": 7, "object_id": "28", "object_repr": "Kuppaimeni soap 3", "action_flag": 1, "change_message": "[{\"added\": {}}]"}}, {"model": "admin.logentry", "pk": 65, "fields": {"action_time": "2025-06-02T11:14:49.487Z", "user": 1, "content_type": 10, "object_id": "7", "object_repr": "Kuppaimeni soap", "action_flag": 1, "change_message": "[{\"added\": {}}]"}}, {"model": "admin.logentry", "pk": 66, "fields": {"action_time": "2025-06-02T11:16:14.754Z", "user": 1, "content_type": 7, "object_id": "29", "object_repr": "Red wine soap 1", "action_flag": 1, "change_message": "[{\"added\": {}}]"}}, {"model": "admin.logentry", "pk": 67, "fields": {"action_time": "2025-06-02T11:16:24.881Z", "user": 1, "content_type": 7, "object_id": "30", "object_repr": "Red wine soap 1", "action_flag": 1, "change_message": "[{\"added\": {}}]"}}, {"model": "admin.logentry", "pk": 68, "fields": {"action_time": "2025-06-02T11:16:27.721Z", "user": 1, "content_type": 7, "object_id": "31", "object_repr": "Red wine soap 2", "action_flag": 1, "change_message": "[{\"added\": {}}]"}}, {"model": "admin.logentry", "pk": 69, "fields": {"action_time": "2025-06-02T11:16:40.720Z", "user": 1, "content_type": 7, "object_id": "32", "object_repr": "Red wine soap 3", "action_flag": 1, "change_message": "[{\"added\": {}}]"}}, {"model": "admin.logentry", "pk": 70, "fields": {"action_time": "2025-06-02T11:16:51.338Z", "user": 1, "content_type": 10, "object_id": "8", "object_repr": "Red wine soap", "action_flag": 1, "change_message": "[{\"added\": {}}]"}}, {"model": "admin.logentry", "pk": 71, "fields": {"action_time": "2025-06-02T11:18:12.238Z", "user": 1, "content_type": 7, "object_id": "33", "object_repr": "Donkey milk soap 1", "action_flag": 1, "change_message": "[{\"added\": {}}]"}}, {"model": "admin.logentry", "pk": 72, "fields": {"action_time": "2025-06-02T11:18:24.415Z", "user": 1, "content_type": 7, "object_id": "34", "object_repr": "Donkey milk soap 2", "action_flag": 1, "change_message": "[{\"added\": {}}]"}}, {"model": "admin.logentry", "pk": 73, "fields": {"action_time": "2025-06-02T11:18:38.816Z", "user": 1, "content_type": 7, "object_id": "35", "object_repr": "Donkey milk soap 3", "action_flag": 1, "change_message": "[{\"added\": {}}]"}}, {"model": "admin.logentry", "pk": 74, "fields": {"action_time": "2025-06-02T11:18:50.530Z", "user": 1, "content_type": 10, "object_id": "9", "object_repr": "Donkey milk soap", "action_flag": 1, "change_message": "[{\"added\": {}}]"}}, {"model": "admin.logentry", "pk": 75, "fields": {"action_time": "2025-06-02T11:19:52.418Z", "user": 1, "content_type": 7, "object_id": "36", "object_repr": "Nalungumaavu soap 1", "action_flag": 1, "change_message": "[{\"added\": {}}]"}}, {"model": "admin.logentry", "pk": 76, "fields": {"action_time": "2025-06-02T11:20:06.764Z", "user": 1, "content_type": 7, "object_id": "37", "object_repr": "Nalungumaavu soap 2", "action_flag": 1, "change_message": "[{\"added\": {}}]"}}, {"model": "admin.logentry", "pk": 77, "fields": {"action_time": "2025-06-02T11:20:19.281Z", "user": 1, "content_type": 7, "object_id": "38", "object_repr": "Nalungumaavu soap 3", "action_flag": 1, "change_message": "[{\"added\": {}}]"}}, {"model": "admin.logentry", "pk": 78, "fields": {"action_time": "2025-06-02T11:20:30.587Z", "user": 1, "content_type": 10, "object_id": "10", "object_repr": "Nalungumaavu soap", "action_flag": 1, "change_message": "[{\"added\": {}}]"}}, {"model": "admin.logentry", "pk": 79, "fields": {"action_time": "2025-06-02T11:21:28.232Z", "user": 1, "content_type": 7, "object_id": "39", "object_repr": "Goat milk soap 1", "action_flag": 1, "change_message": "[{\"added\": {}}]"}}, {"model": "admin.logentry", "pk": 80, "fields": {"action_time": "2025-06-02T11:21:42.313Z", "user": 1, "content_type": 7, "object_id": "40", "object_repr": "Goat milk soap 2", "action_flag": 1, "change_message": "[{\"added\": {}}]"}}, {"model": "admin.logentry", "pk": 81, "fields": {"action_time": "2025-06-02T11:21:54.409Z", "user": 1, "content_type": 7, "object_id": "41", "object_repr": "Goat milk soap 3", "action_flag": 1, "change_message": "[{\"added\": {}}]"}}, {"model": "admin.logentry", "pk": 82, "fields": {"action_time": "2025-06-02T11:21:58.554Z", "user": 1, "content_type": 10, "object_id": "11", "object_repr": "Goat milk soap", "action_flag": 1, "change_message": "[{\"added\": {}}]"}}, {"model": "admin.logentry", "pk": 83, "fields": {"action_time": "2025-06-02T11:22:55.359Z", "user": 1, "content_type": 7, "object_id": "42", "object_repr": "Vetiver soap 1", "action_flag": 1, "change_message": "[{\"added\": {}}]"}}, {"model": "admin.logentry", "pk": 84, "fields": {"action_time": "2025-06-02T11:23:07.532Z", "user": 1, "content_type": 7, "object_id": "43", "object_repr": "Vetiver soap 2", "action_flag": 1, "change_message": "[{\"added\": {}}]"}}, {"model": "admin.logentry", "pk": 85, "fields": {"action_time": "2025-06-02T11:23:19.900Z", "user": 1, "content_type": 7, "object_id": "44", "object_repr": "Vetiver soap 3", "action_flag": 1, "change_message": "[{\"added\": {}}]"}}, {"model": "admin.logentry", "pk": 86, "fields": {"action_time": "2025-06-02T11:23:23.692Z", "user": 1, "content_type": 10, "object_id": "12", "object_repr": "Vetiver soap", "action_flag": 1, "change_message": "[{\"added\": {}}]"}}, {"model": "admin.logentry", "pk": 87, "fields": {"action_time": "2025-06-02T11:24:38.280Z", "user": 1, "content_type": 7, "object_id": "45", "object_repr": "Beetroot soap 1", "action_flag": 1, "change_message": "[{\"added\": {}}]"}}, {"model": "admin.logentry", "pk": 88, "fields": {"action_time": "2025-06-02T11:24:53.342Z", "user": 1, "content_type": 7, "object_id": "46", "object_repr": "Beetroot soap 2", "action_flag": 1, "change_message": "[{\"added\": {}}]"}}, {"model": "admin.logentry", "pk": 89, "fields": {"action_time": "2025-06-02T11:25:09.219Z", "user": 1, "content_type": 7, "object_id": "47", "object_repr": "Beetroot soap 3", "action_flag": 1, "change_message": "[{\"added\": {}}]"}}, {"model": "admin.logentry", "pk": 90, "fields": {"action_time": "2025-06-02T11:25:17.620Z", "user": 1, "content_type": 10, "object_id": "13", "object_repr": "Beetroot soap", "action_flag": 1, "change_message": "[{\"added\": {}}]"}}, {"model": "admin.logentry", "pk": 91, "fields": {"action_time": "2025-06-02T11:25:28.856Z", "user": 1, "content_type": 10, "object_id": "12", "object_repr": "Vetiver soap", "action_flag": 2, "change_message": "[{\"changed\": {\"fields\": [\"Stock\"]}}]"}}, {"model": "admin.logentry", "pk": 92, "fields": {"action_time": "2025-06-02T11:25:37.564Z", "user": 1, "content_type": 10, "object_id": "11", "object_repr": "Goat milk soap", "action_flag": 2, "change_message": "[{\"changed\": {\"fields\": [\"Stock\"]}}]"}}, {"model": "admin.logentry", "pk": 93, "fields": {"action_time": "2025-06-02T11:27:00.168Z", "user": 1, "content_type": 7, "object_id": "48", "object_repr": "Papaya soap 1", "action_flag": 1, "change_message": "[{\"added\": {}}]"}}, {"model": "admin.logentry", "pk": 94, "fields": {"action_time": "2025-06-02T11:27:13.016Z", "user": 1, "content_type": 7, "object_id": "49", "object_repr": "Papaya soap 2", "action_flag": 1, "change_message": "[{\"added\": {}}]"}}, {"model": "admin.logentry", "pk": 95, "fields": {"action_time": "2025-06-02T11:27:23.371Z", "user": 1, "content_type": 7, "object_id": "50", "object_repr": "Papaya soap 3", "action_flag": 1, "change_message": "[{\"added\": {}}]"}}, {"model": "admin.logentry", "pk": 96, "fields": {"action_time": "2025-06-02T11:27:31.456Z", "user": 1, "content_type": 10, "object_id": "14", "object_repr": "Papaya soap", "action_flag": 1, "change_message": "[{\"added\": {}}]"}}, {"model": "admin.logentry", "pk": 97, "fields": {"action_time": "2025-06-02T11:28:11.646Z", "user": 1, "content_type": 10, "object_id": "5", "object_repr": "Alovera soap", "action_flag": 2, "change_message": "[{\"changed\": {\"fields\": [\"Name\"]}}]"}}, {"model": "admin.logentry", "pk": 98, "fields": {"action_time": "2025-06-02T11:29:04.078Z", "user": 1, "content_type": 7, "object_id": "51", "object_repr": "Avarampoo soap 1", "action_flag": 1, "change_message": "[{\"added\": {}}]"}}, {"model": "admin.logentry", "pk": 99, "fields": {"action_time": "2025-06-02T11:29:29.156Z", "user": 1, "content_type": 7, "object_id": "52", "object_repr": "Avarampoo soap 2", "action_flag": 1, "change_message": "[{\"added\": {}}]"}}, {"model": "admin.logentry", "pk": 100, "fields": {"action_time": "2025-06-02T11:30:28.918Z", "user": 1, "content_type": 7, "object_id": "53", "object_repr": "Avarampoo soap 3", "action_flag": 1, "change_message": "[{\"added\": {}}]"}}, {"model": "admin.logentry", "pk": 101, "fields": {"action_time": "2025-06-02T11:45:28.018Z", "user": 1, "content_type": 7, "object_id": "20", "object_repr": "Aluvera soap 3", "action_flag": 2, "change_message": "[{\"changed\": {\"fields\": [\"Image\"]}}]"}}, {"model": "admin.logentry", "pk": 102, "fields": {"action_time": "2025-06-02T11:45:46.708Z", "user": 1, "content_type": 7, "object_id": "21", "object_repr": "Aluvera soap 1", "action_flag": 2, "change_message": "[{\"changed\": {\"fields\": [\"Image\"]}}]"}}, {"model": "admin.logentry", "pk": 103, "fields": {"action_time": "2025-06-02T11:47:19.996Z", "user": 1, "content_type": 10, "object_id": "15", "object_repr": "Avarampoo soap", "action_flag": 1, "change_message": "[{\"added\": {}}]"}}, {"model": "admin.logentry", "pk": 104, "fields": {"action_time": "2025-06-02T11:48:11.200Z", "user": 1, "content_type": 7, "object_id": "54", "object_repr": "Potato soap 1", "action_flag": 1, "change_message": "[{\"added\": {}}]"}}, {"model": "admin.logentry", "pk": 105, "fields": {"action_time": "2025-06-02T11:48:32.963Z", "user": 1, "content_type": 7, "object_id": "55", "object_repr": "Potato soap 2", "action_flag": 1, "change_message": "[{\"added\": {}}]"}}, {"model": "admin.logentry", "pk": 106, "fields": {"action_time": "2025-06-02T11:48:44.828Z", "user": 1, "content_type": 7, "object_id": "56", "object_repr": "Potato soap 3", "action_flag": 1, "change_message": "[{\"added\": {}}]"}}, {"model": "admin.logentry", "pk": 107, "fields": {"action_time": "2025-06-02T11:48:51.818Z", "user": 1, "content_type": 10, "object_id": "16", "object_repr": "Potato soap", "action_flag": 1, "change_message": "[{\"added\": {}}]"}}, {"model": "admin.logentry", "pk": 108, "fields": {"action_time": "2025-06-02T11:52:17.397Z", "user": 1, "content_type": 7, "object_id": "57", "object_repr": "Multhani mitti soap 1", "action_flag": 1, "change_message": "[{\"added\": {}}]"}}, {"model": "admin.logentry", "pk": 109, "fields": {"action_time": "2025-06-02T11:52:40.129Z", "user": 1, "content_type": 7, "object_id": "58", "object_repr": "Multhani mitti soap 2", "action_flag": 1, "change_message": "[{\"added\": {}}]"}}, {"model": "admin.logentry", "pk": 110, "fields": {"action_time": "2025-06-02T11:52:55.283Z", "user": 1, "content_type": 7, "object_id": "59", "object_repr": "Multhani mitti soap 3", "action_flag": 1, "change_message": "[{\"added\": {}}]"}}, {"model": "admin.logentry", "pk": 111, "fields": {"action_time": "2025-06-02T11:53:01.408Z", "user": 1, "content_type": 10, "object_id": "17", "object_repr": "Multhani mitti soap", "action_flag": 1, "change_message": "[{\"added\": {}}]"}}, {"model": "admin.logentry", "pk": 112, "fields": {"action_time": "2025-06-02T11:55:03.737Z", "user": 1, "content_type": 7, "object_id": "60", "object_repr": "Red wine face wash 1", "action_flag": 1, "change_message": "[{\"added\": {}}]"}}, {"model": "admin.logentry", "pk": 113, "fields": {"action_time": "2025-06-02T11:55:37.038Z", "user": 1, "content_type": 7, "object_id": "61", "object_repr": "Red wine face wash 2", "action_flag": 1, "change_message": "[{\"added\": {}}]"}}, {"model": "admin.logentry", "pk": 114, "fields": {"action_time": "2025-06-02T11:55:52.536Z", "user": 1, "content_type": 7, "object_id": "62", "object_repr": "Red wine face wash 3", "action_flag": 1, "change_message": "[{\"added\": {}}]"}}, {"model": "admin.logentry", "pk": 115, "fields": {"action_time": "2025-06-02T11:56:02.612Z", "user": 1, "content_type": 10, "object_id": "18", "object_repr": "Red wine face wash", "action_flag": 1, "change_message": "[{\"added\": {}}]"}}, {"model": "admin.logentry", "pk": 116, "fields": {"action_time": "2025-06-02T11:57:00.722Z", "user": 1, "content_type": 7, "object_id": "63", "object_repr": "Charcoal  face wash 1", "action_flag": 1, "change_message": "[{\"added\": {}}]"}}, {"model": "admin.logentry", "pk": 117, "fields": {"action_time": "2025-06-02T11:57:15.747Z", "user": 1, "content_type": 7, "object_id": "64", "object_repr": "Charcoal  face wash 2", "action_flag": 1, "change_message": "[{\"added\": {}}]"}}, {"model": "admin.logentry", "pk": 118, "fields": {"action_time": "2025-06-02T11:57:34.723Z", "user": 1, "content_type": 7, "object_id": "65", "object_repr": "Charcoal  face wash 3", "action_flag": 1, "change_message": "[{\"added\": {}}]"}}, {"model": "admin.logentry", "pk": 119, "fields": {"action_time": "2025-06-02T11:57:50.530Z", "user": 1, "content_type": 10, "object_id": "19", "object_repr": "Charcoal  face wash", "action_flag": 1, "change_message": "[{\"added\": {}}]"}}, {"model": "admin.logentry", "pk": 120, "fields": {"action_time": "2025-06-02T11:59:07.211Z", "user": 1, "content_type": 7, "object_id": "66", "object_repr": "Sun screen 1", "action_flag": 1, "change_message": "[{\"added\": {}}]"}}, {"model": "admin.logentry", "pk": 121, "fields": {"action_time": "2025-06-02T11:59:29.527Z", "user": 1, "content_type": 7, "object_id": "67", "object_repr": "Sun screen 2", "action_flag": 1, "change_message": "[{\"added\": {}}]"}}, {"model": "admin.logentry", "pk": 122, "fields": {"action_time": "2025-06-02T11:59:31.089Z", "user": 1, "content_type": 7, "object_id": "68", "object_repr": "Sun screen 2", "action_flag": 1, "change_message": "[{\"added\": {}}]"}}, {"model": "admin.logentry", "pk": 123, "fields": {"action_time": "2025-06-02T11:59:42.196Z", "user": 1, "content_type": 7, "object_id": "69", "object_repr": "Sun screen 3", "action_flag": 1, "change_message": "[{\"added\": {}}]"}}, {"model": "admin.logentry", "pk": 124, "fields": {"action_time": "2025-06-02T12:00:03.657Z", "user": 1, "content_type": 10, "object_id": "20", "object_repr": "Sun screen", "action_flag": 1, "change_message": "[{\"added\": {}}]"}}, {"model": "admin.logentry", "pk": 125, "fields": {"action_time": "2025-06-02T12:00:56.964Z", "user": 1, "content_type": 7, "object_id": "70", "object_repr": "Beetroot  lip balm 1", "action_flag": 1, "change_message": "[{\"added\": {}}]"}}, {"model": "admin.logentry", "pk": 126, "fields": {"action_time": "2025-06-02T12:01:30.194Z", "user": 1, "content_type": 7, "object_id": "71", "object_repr": "Beetroot  lip balm 2", "action_flag": 1, "change_message": "[{\"added\": {}}]"}}, {"model": "admin.logentry", "pk": 127, "fields": {"action_time": "2025-06-02T12:01:45.777Z", "user": 1, "content_type": 7, "object_id": "72", "object_repr": "Beetroot  lip balm 3", "action_flag": 1, "change_message": "[{\"added\": {}}]"}}, {"model": "admin.logentry", "pk": 128, "fields": {"action_time": "2025-06-02T12:01:51.894Z", "user": 1, "content_type": 10, "object_id": "21", "object_repr": "Beetroot  lip balm", "action_flag": 1, "change_message": "[{\"added\": {}}]"}}, {"model": "admin.logentry", "pk": 129, "fields": {"action_time": "2025-06-02T12:02:32.587Z", "user": 1, "content_type": 7, "object_id": "73", "object_repr": "Strawberry lip balm 1", "action_flag": 1, "change_message": "[{\"added\": {}}]"}}, {"model": "admin.logentry", "pk": 130, "fields": {"action_time": "2025-06-02T12:02:50.440Z", "user": 1, "content_type": 7, "object_id": "74", "object_repr": "Strawberry lip balm 2", "action_flag": 1, "change_message": "[{\"added\": {}}]"}}, {"model": "admin.logentry", "pk": 131, "fields": {"action_time": "2025-06-02T12:02:58.527Z", "user": 1, "content_type": 10, "object_id": "22", "object_repr": "Strawberry lip balm", "action_flag": 1, "change_message": "[{\"added\": {}}]"}}, {"model": "admin.logentry", "pk": 132, "fields": {"action_time": "2025-06-02T12:04:11.246Z", "user": 1, "content_type": 7, "object_id": "75", "object_repr": "Natural hair oil 1", "action_flag": 1, "change_message": "[{\"added\": {}}]"}}, {"model": "admin.logentry", "pk": 133, "fields": {"action_time": "2025-06-02T12:04:24.006Z", "user": 1, "content_type": 7, "object_id": "76", "object_repr": "Natural hair oil 2", "action_flag": 1, "change_message": "[{\"added\": {}}]"}}, {"model": "admin.logentry", "pk": 134, "fields": {"action_time": "2025-06-02T12:04:40.129Z", "user": 1, "content_type": 7, "object_id": "77", "object_repr": "Natural hair oil 3", "action_flag": 1, "change_message": "[{\"added\": {}}]"}}, {"model": "admin.logentry", "pk": 135, "fields": {"action_time": "2025-06-02T12:04:45.321Z", "user": 1, "content_type": 10, "object_id": "23", "object_repr": "Natural hair oil", "action_flag": 1, "change_message": "[{\"added\": {}}]"}}, {"model": "admin.logentry", "pk": 136, "fields": {"action_time": "2025-06-02T12:05:44.054Z", "user": 1, "content_type": 7, "object_id": "78", "object_repr": "3 in 1 shampoo 1", "action_flag": 1, "change_message": "[{\"added\": {}}]"}}, {"model": "admin.logentry", "pk": 137, "fields": {"action_time": "2025-06-02T12:06:06.020Z", "user": 1, "content_type": 7, "object_id": "79", "object_repr": "3 in 1 shampoo 2", "action_flag": 1, "change_message": "[{\"added\": {}}]"}}, {"model": "admin.logentry", "pk": 138, "fields": {"action_time": "2025-06-02T12:06:24.094Z", "user": 1, "content_type": 10, "object_id": "24", "object_repr": "3 in 1 shampoo", "action_flag": 1, "change_message": "[{\"added\": {}}]"}}, {"model": "admin.logentry", "pk": 139, "fields": {"action_time": "2025-06-02T12:06:29.065Z", "user": 1, "content_type": 7, "object_id": "80", "object_repr": "3 in 1 shampoo 3", "action_flag": 1, "change_message": "[{\"added\": {}}]"}}, {"model": "admin.logentry", "pk": 140, "fields": {"action_time": "2025-06-02T15:42:31.665Z", "user": 1, "content_type": 12, "object_id": "1", "object_repr": "Offer for Sun Protection Combo", "action_flag": 1, "change_message": "[{\"added\": {}}]"}}, {"model": "admin.logentry", "pk": 141, "fields": {"action_time": "2025-06-02T15:43:17.658Z", "user": 1, "content_type": 12, "object_id": "2", "object_repr": "Offer for Charcoal  soap", "action_flag": 1, "change_message": "[{\"added\": {}}]"}}, {"model": "admin.logentry", "pk": 142, "fields": {"action_time": "2025-06-02T15:44:13.327Z", "user": 1, "content_type": 12, "object_id": "3", "object_repr": "Offer for Sun screen", "action_flag": 1, "change_message": "[{\"added\": {}}]"}}, {"model": "admin.logentry", "pk": 143, "fields": {"action_time": "2025-06-02T17:52:52.732Z", "user": 1, "content_type": 12, "object_id": "3", "object_repr": "Offer for Sun screen", "action_flag": 3, "change_message": ""}}, {"model": "admin.logentry", "pk": 144, "fields": {"action_time": "2025-06-02T17:52:52.732Z", "user": 1, "content_type": 12, "object_id": "2", "object_repr": "Offer for Charcoal  soap", "action_flag": 3, "change_message": ""}}, {"model": "admin.logentry", "pk": 145, "fields": {"action_time": "2025-06-02T17:52:52.733Z", "user": 1, "content_type": 12, "object_id": "1", "object_repr": "Offer for Sun Protection Combo", "action_flag": 3, "change_message": ""}}, {"model": "admin.logentry", "pk": 146, "fields": {"action_time": "2025-06-02T17:53:43.665Z", "user": 1, "content_type": 12, "object_id": "4", "object_repr": "Offer for Sun Protection Combo", "action_flag": 1, "change_message": "[{\"added\": {}}]"}}, {"model": "admin.logentry", "pk": 147, "fields": {"action_time": "2025-06-02T17:54:19.711Z", "user": 1, "content_type": 12, "object_id": "5", "object_repr": "Offer for Charcoal  soap", "action_flag": 1, "change_message": "[{\"added\": {}}]"}}, {"model": "admin.logentry", "pk": 148, "fields": {"action_time": "2025-06-02T17:55:05.995Z", "user": 1, "content_type": 12, "object_id": "6", "object_repr": "Offer for 3 in 1 shampoo", "action_flag": 1, "change_message": "[{\"added\": {}}]"}}, {"model": "admin.logentry", "pk": 149, "fields": {"action_time": "2025-06-02T19:01:23.586Z", "user": 1, "content_type": 15, "object_id": "1", "object_repr": "Social Offer for Sun Protection Combo", "action_flag": 1, "change_message": "[{\"added\": {}}]"}}, {"model": "admin.logentry", "pk": 150, "fields": {"action_time": "2025-06-02T19:02:37.932Z", "user": 1, "content_type": 15, "object_id": "2", "object_repr": "Social Offer for Strawberry lip balm", "action_flag": 1, "change_message": "[{\"added\": {}}]"}}, {"model": "admin.logentry", "pk": 151, "fields": {"action_time": "2025-06-02T19:02:51.865Z", "user": 1, "content_type": 15, "object_id": "3", "object_repr": "Social Offer for 3 in 1 shampoo", "action_flag": 1, "change_message": "[{\"added\": {}}]"}}, {"model": "admin.logentry", "pk": 152, "fields": {"action_time": "2025-06-02T19:20:57.647Z", "user": 1, "content_type": 9, "object_id": "5", "object_repr": "Order object (5)", "action_flag": 3, "change_message": ""}}, {"model": "admin.logentry", "pk": 153, "fields": {"action_time": "2025-06-02T19:20:57.647Z", "user": 1, "content_type": 9, "object_id": "4", "object_repr": "Order object (4)", "action_flag": 3, "change_message": ""}}, {"model": "admin.logentry", "pk": 154, "fields": {"action_time": "2025-06-02T19:20:57.647Z", "user": 1, "content_type": 9, "object_id": "2", "object_repr": "Order object (2)", "action_flag": 3, "change_message": ""}}, {"model": "admin.logentry", "pk": 155, "fields": {"action_time": "2025-06-02T19:20:57.647Z", "user": 1, "content_type": 9, "object_id": "1", "object_repr": "Order object (1)", "action_flag": 3, "change_message": ""}}, {"model": "admin.logentry", "pk": 156, "fields": {"action_time": "2025-06-03T17:30:12.263Z", "user": 1, "content_type": 17, "object_id": "4", "object_repr": "Boopesh", "action_flag": 3, "change_message": ""}}, {"model": "admin.logentry", "pk": 157, "fields": {"action_time": "2025-06-03T17:33:11.218Z", "user": 1, "content_type": 17, "object_id": "2", "object_repr": "BeastHari", "action_flag": 2, "change_message": "[{\"changed\": {\"fields\": [\"Mobile\"]}}]"}}, {"model": "admin.logentry", "pk": 158, "fields": {"action_time": "2025-06-03T18:25:39.876Z", "user": 1, "content_type": 17, "object_id": "1", "object_repr": "Procols", "action_flag": 2, "change_message": "[{\"changed\": {\"fields\": [\"Mobile\", \"Pincode\", \"City\", \"Address\"]}}]"}}, {"model": "admin.logentry", "pk": 159, "fields": {"action_time": "2025-06-03T18:26:00.269Z", "user": 1, "content_type": 17, "object_id": "3", "object_repr": "Ajay", "action_flag": 2, "change_message": "[{\"changed\": {\"fields\": [\"Mobile\"]}}]"}}, {"model": "admin.logentry", "pk": 160, "fields": {"action_time": "2025-06-07T10:21:40.719Z", "user": 1, "content_type": 9, "object_id": "7", "object_repr": "Order object (7)", "action_flag": 2, "change_message": "[{\"changed\": {\"fields\": [\"Is paid\"]}}]"}}, {"model": "sessions.session", "pk": "1jx6uxhva6i2db74yv6jgj0di8n8wxxq", "fields": {"session_data": ".eJxVjMsOwiAUBf-FtSEFL5S6dN9vIPcBUjWQ9LEy_rs26UK3Z2bOS0Xc1hK3Jc1xEnVRoE6_GyE_Ut2B3LHemuZW13kivSv6oIsem6Tn9XD_Dgou5VuTWOt9B95YzuC6bKgfkrPMIuRSyIDW9SFwYkM89JizJ-wkGwAe-KzeH_GJOME:1uMVPV:YebkNZ0-7R53NO7edsRSYD71lzBG9dEqQ2sP7oxwRY0", "expire_date": "2025-06-17T17:26:49.018Z"}}, {"model": "sessions.session", "pk": "tgicnsk9rjhbfdig10f0dn0x79pgrudc", "fields": {"session_data": ".eJxVjEEOwiAQRe_C2hCgA3Rcuu8ZyBQYqRqalHZlvLtt0oVu33v_v0WgbS1ha3kJUxJXocXll40Un7keIj2o3mcZ57ou0yiPRJ62yWFO-XU727-DQq3sa-w9sPWYXB-9pS4rkwEde8OAO_JM2jIkBxA7VgQqWx2dIY3KojLi8wXLZzb-:1uNBrG:e71Di_V9zl9XW3VnCj0fQJXMOe-_5J3QL2XB893rCVk", "expire_date": "2025-06-19T14:46:18.554Z"}}, {"model": "sessions.session", "pk": "voxkjlhq0jxfd3irf4yt8ypx8hd77dmg", "fields": {"session_data": ".eJxVjEEOwiAQRe_C2hCgA3Rcuu8ZyBQYqRqalHZlvLtt0oVu33v_v0WgbS1ha3kJUxJXocXll40Un7keIj2o3mcZ57ou0yiPRJ62yWFO-XU727-DQq3sa-w9sPWYXB-9pS4rkwEde8OAO_JM2jIkBxA7VgQqWx2dIY3KojLi8wXLZzb-:1uNtG7:A8JcuQFApf63SRhE2LnyKGPvlf2eIm_sH4I8qN0-61A", "expire_date": "2025-06-21T13:06:51.109Z"}}, {"model": "sessions.session", "pk": "x9o4imvmio4sjtwzqt90my555smm49p7", "fields": {"session_data": ".eJxVjEEOwiAQRe_C2hCgA3Rcuu8ZyBQYqRqalHZlvLtt0oVu33v_v0WgbS1ha3kJUxJXocXll40Un7keIj2o3mcZ57ou0yiPRJ62yWFO-XU727-DQq3sa-w9sPWYXB-9pS4rkwEde8OAO_JM2jIkBxA7VgQqWx2dIY3KojLi8wXLZzb-:1uNC6u:mH98td6wgRJ3-cOrHXiaeL2wWN39RIKPOwb5t-giIkA", "expire_date": "2025-06-19T15:02:28.910Z"}}, {"model": "myapp.category", "pk": 2, "fields": {"name": "COMBO OFFERS", "image": "category_images/COMBO_OFFER_xtkjew"}}, {"model": "myapp.category", "pk": 3, "fields": {"name": "BODY CARE", "image": "category_images/BODY_CARE_hdilr9"}}, {"model": "myapp.category", "pk": 4, "fields": {"name": "FACE CARE", "image": "category_images/FACE_CARE_raqpjd"}}, {"model": "myapp.category", "pk": 5, "fields": {"name": "HAIR CARE", "image": "category_images/HAIR_CARE_lnyujp"}}, {"model": "myapp.category", "pk": 6, "fields": {"name": "LIP CARE", "image": "category_images/LIP_CARE_czrl75"}}, {"model": "myapp.product", "pk": 3, "fields": {"name": "Hair Care", "category": 2, "description": "It gently cleanses while locking in moisture, leaving your hair soft, smooth, and beautifully healthy.", "old_price": "499.00", "new_price": "299.00", "offer_line": "40% Launch Offer", "stock": 100, "is_active": true, "is_bestsell": true, "created_at": "2025-06-02T10:52:31.906Z", "images": [9, 10, 11, 12]}}, {"model": "myapp.product", "pk": 4, "fields": {"name": "Sun Protection Combo", "category": 2, "description": "Perfect for all skin types, it keeps your skin protected, refreshed, and glowing all day long.", "old_price": "999.00", "new_price": "699.00", "offer_line": "40% Launch Offer", "stock": 100, "is_active": true, "is_bestsell": true, "created_at": "2025-06-02T10:57:21.995Z", "images": [13, 14, 15, 16, 17, 18, 19]}}, {"model": "myapp.product", "pk": 5, "fields": {"name": "Alovera soap", "category": 3, "description": "Treat anti-aging and dry skin [100 gram]", "old_price": "100.00", "new_price": "60.00", "offer_line": "40% Launch Offer", "stock": 100, "is_active": true, "is_bestsell": true, "created_at": "2025-06-02T11:01:18.532Z", "images": [20, 21, 22]}}, {"model": "myapp.product", "pk": 6, "fields": {"name": "Charcoal  soap", "category": 3, "description": "Remove oil, black heads and white heads [100 gram]", "old_price": "100.00", "new_price": "60.00", "offer_line": "40% Launch Offer", "stock": 0, "is_active": true, "is_bestsell": true, "created_at": "2025-06-02T11:12:31.025Z", "images": [23, 24, 25]}}, {"model": "myapp.product", "pk": 7, "fields": {"name": "Kuppaimeni soap", "category": 3, "description": "Cures infection, irritation and Allergies [100 gram]", "old_price": "100.00", "new_price": "60.00", "offer_line": "40% Launch Offer", "stock": 100, "is_active": true, "is_bestsell": false, "created_at": "2025-06-02T11:14:49.481Z", "images": [26, 27, 28]}}, {"model": "myapp.product", "pk": 8, "fields": {"name": "Red wine soap", "category": 3, "description": "Reduce wrinkles and pigmentation [100 gram]", "old_price": "100.00", "new_price": "60.00", "offer_line": "40% Launch Offer", "stock": 100, "is_active": true, "is_bestsell": false, "created_at": "2025-06-02T11:16:51.334Z", "images": [29, 31, 32]}}, {"model": "myapp.product", "pk": 9, "fields": {"name": "Donkey milk soap", "category": 3, "description": "Fresh and glow, relief dryness and itching [100 gram]", "old_price": "100.00", "new_price": "60.00", "offer_line": "40% Launch Offer", "stock": 100, "is_active": true, "is_bestsell": false, "created_at": "2025-06-02T11:18:50.525Z", "images": [33, 34, 35]}}, {"model": "myapp.product", "pk": 10, "fields": {"name": "Nalungumaavu soap", "category": 3, "description": "Remove unwanted hair and treat sweating [100 gram]", "old_price": "100.00", "new_price": "60.00", "offer_line": "40% Launch Offer", "stock": 100, "is_active": true, "is_bestsell": false, "created_at": "2025-06-02T11:20:30.583Z", "images": [36, 37, 38]}}, {"model": "myapp.product", "pk": 11, "fields": {"name": "Goat milk soap", "category": 3, "description": "Moisture and bright skin [100 gram]", "old_price": "100.00", "new_price": "60.00", "offer_line": "40% Launch Offer", "stock": 100, "is_active": true, "is_bestsell": false, "created_at": "2025-06-02T11:21:58.549Z", "images": [39, 40, 41]}}, {"model": "myapp.product", "pk": 12, "fields": {"name": "Vetiver soap", "category": 3, "description": "Cure pimples and open pores, control oil [100 gram]", "old_price": "100.00", "new_price": "60.00", "offer_line": "40% Launch Offer", "stock": 100, "is_active": true, "is_bestsell": false, "created_at": "2025-06-02T11:23:23.684Z", "images": [42, 43, 44]}}, {"model": "myapp.product", "pk": 13, "fields": {"name": "Beetroot soap", "category": 3, "description": "Reduce tan, soft and smooth skin [100 gram]", "old_price": "100.00", "new_price": "60.00", "offer_line": "40% Launch Offer", "stock": 100, "is_active": true, "is_bestsell": false, "created_at": "2025-06-02T11:25:17.615Z", "images": [45, 46, 47]}}, {"model": "myapp.product", "pk": 14, "fields": {"name": "Papaya soap", "category": 3, "description": "Soften and Brighten skin [100 gram]", "old_price": "100.00", "new_price": "60.00", "offer_line": "40% Launch Offer", "stock": 100, "is_active": true, "is_bestsell": false, "created_at": "2025-06-02T11:27:31.449Z", "images": [48, 49, 50]}}, {"model": "myapp.product", "pk": 15, "fields": {"name": "Avarampoo soap", "category": 3, "description": "Reduce acne marks and black spots [100 gram]", "old_price": "100.00", "new_price": "60.00", "offer_line": "40% Launch Offer", "stock": 100, "is_active": true, "is_bestsell": false, "created_at": "2025-06-02T11:47:19.948Z", "images": [51, 52, 53]}}, {"model": "myapp.product", "pk": 16, "fields": {"name": "Potato soap", "category": 3, "description": "Reduce wrinkles, pigmentation and dark circles [100 gram]", "old_price": "100.00", "new_price": "60.00", "offer_line": "40% Launch Offer", "stock": 100, "is_active": true, "is_bestsell": false, "created_at": "2025-06-02T11:48:51.813Z", "images": [54, 55, 56]}}, {"model": "myapp.product", "pk": 17, "fields": {"name": "Multhani mitti soap", "category": 3, "description": "Reduce acne and pigmentation, moisturizer and Brighten skin [100 gram]", "old_price": "100.00", "new_price": "60.00", "offer_line": "40% Launch Offer", "stock": 100, "is_active": true, "is_bestsell": false, "created_at": "2025-06-02T11:53:01.401Z", "images": [57, 58, 59]}}, {"model": "myapp.product", "pk": 18, "fields": {"name": "Red wine face wash", "category": 4, "description": "Fresh and glow skin, reduce wrinkles and tan [100ml]", "old_price": "499.00", "new_price": "299.00", "offer_line": "40% Launch Offer", "stock": 100, "is_active": true, "is_bestsell": true, "created_at": "2025-06-02T11:56:02.609Z", "images": [60, 61, 62]}}, {"model": "myapp.product", "pk": 19, "fields": {"name": "Charcoal  face wash", "category": 4, "description": "Control oil and black heads and white heads, brightening skin [100ml]", "old_price": "499.00", "new_price": "299.00", "offer_line": null, "stock": 100, "is_active": true, "is_bestsell": false, "created_at": "2025-06-02T11:57:50.527Z", "images": [63, 64, 65]}}, {"model": "myapp.product", "pk": 20, "fields": {"name": "Sun screen", "category": 4, "description": "UV protect , Skin brightening , Tan remove [50 gram]", "old_price": "499.00", "new_price": "299.00", "offer_line": null, "stock": 100, "is_active": true, "is_bestsell": true, "created_at": "2025-06-02T12:00:03.654Z", "images": [66, 68, 69]}}, {"model": "myapp.product", "pk": 21, "fields": {"name": "Beetroot  lip balm", "category": 6, "description": "Control dryness, Pigmentation Remove", "old_price": "399.00", "new_price": "199.00", "offer_line": null, "stock": 100, "is_active": true, "is_bestsell": false, "created_at": "2025-06-02T12:01:51.889Z", "images": [70, 71, 72]}}, {"model": "myapp.product", "pk": 22, "fields": {"name": "Strawberry lip balm", "category": 6, "description": "Control dryness, Pigmentation Remove", "old_price": "399.00", "new_price": "199.00", "offer_line": null, "stock": 100, "is_active": true, "is_bestsell": true, "created_at": "2025-06-02T12:02:58.520Z", "images": [73, 74]}}, {"model": "myapp.product", "pk": 23, "fields": {"name": "Natural hair oil", "category": 5, "description": "Reduce dandruff and promote hair growth , increase  color,  strong  and shine [100ml]", "old_price": "499.00", "new_price": "299.00", "offer_line": null, "stock": 0, "is_active": true, "is_bestsell": true, "created_at": "2025-06-02T12:04:45.314Z", "images": [75, 76, 77]}}, {"model": "myapp.product", "pk": 24, "fields": {"name": "3 in 1 shampoo", "category": 5, "description": "Promote hair growth, stop hair fall, remove dandruff [100ml]", "old_price": "499.00", "new_price": "299.00", "offer_line": null, "stock": 100, "is_active": true, "is_bestsell": true, "created_at": "2025-06-02T12:06:24.088Z", "images": [78, 79]}}, {"model": "myapp.productimage", "pk": 9, "fields": {"image": "product_images/IMG_1130_mrzef3", "alt_text": "Hair care combo 1"}}, {"model": "myapp.productimage", "pk": 10, "fields": {"image": "product_images/IMG_1137_uslgqg", "alt_text": "Hair care combo 2"}}, {"model": "myapp.productimage", "pk": 11, "fields": {"image": "product_images/IMG_1127_vrpq6e", "alt_text": "Hair care combo 3"}}, {"model": "myapp.productimage", "pk": 12, "fields": {"image": "product_images/IMG_1136_d6i4k2", "alt_text": "Hair care combo 4"}}, {"model": "myapp.productimage", "pk": 13, "fields": {"image": "product_images/IMG_1146_mbrcsl", "alt_text": "Sun Protection Combo 1"}}, {"model": "myapp.productimage", "pk": 14, "fields": {"image": "product_images/IMG_1156_ptd5fb", "alt_text": "Sun Protection Combo 2"}}, {"model": "myapp.productimage", "pk": 15, "fields": {"image": "product_images/IMG_1140_m6gfcm", "alt_text": "Sun Protection Combo 3"}}, {"model": "myapp.productimage", "pk": 16, "fields": {"image": "product_images/IMG_1135_m2l4an", "alt_text": "Sun Protection Combo 4"}}, {"model": "myapp.productimage", "pk": 17, "fields": {"image": "product_images/IMG_11391_icabrx", "alt_text": "Sun Protection Combo 5"}}, {"model": "myapp.productimage", "pk": 18, "fields": {"image": "product_images/IMG_1132_qso0ja", "alt_text": "Sun Protection Combo 6"}}, {"model": "myapp.productimage", "pk": 19, "fields": {"image": "product_images/IMG_1126_ymgdkh", "alt_text": "Sun Protection Combo 7"}}, {"model": "myapp.productimage", "pk": 20, "fields": {"image": "product_images/IMG_1061_edyzdx", "alt_text": "Aluvera soap 3"}}, {"model": "myapp.productimage", "pk": 21, "fields": {"image": "product_images/IMG_1059_rfr8he", "alt_text": "Aluvera soap 1"}}, {"model": "myapp.productimage", "pk": 22, "fields": {"image": "product_images/IMG_1064_xxuozy", "alt_text": "Aluvera soap 2"}}, {"model": "myapp.productimage", "pk": 23, "fields": {"image": "product_images/IMG_1080_eb6tpj", "alt_text": "Charcoal  soap 1"}}, {"model": "myapp.productimage", "pk": 24, "fields": {"image": "product_images/IMG_1082_hwz8xw", "alt_text": "Charcoal  soap 2"}}, {"model": "myapp.productimage", "pk": 25, "fields": {"image": "product_images/IMG_1078_vszz4c", "alt_text": "Charcoal  soap 3"}}, {"model": "myapp.productimage", "pk": 26, "fields": {"image": "product_images/IMG_1037_n1w0ky", "alt_text": "Kuppaimeni soap 1"}}, {"model": "myapp.productimage", "pk": 27, "fields": {"image": "product_images/IMG_1039_i5k0bw", "alt_text": "Kuppaimeni soap 2"}}, {"model": "myapp.productimage", "pk": 28, "fields": {"image": "product_images/IMG_1034_tzrhxq", "alt_text": "Kuppaimeni soap 3"}}, {"model": "myapp.productimage", "pk": 29, "fields": {"image": "product_images/IMG_1054_ifszhn", "alt_text": "Red wine soap 1"}}, {"model": "myapp.productimage", "pk": 30, "fields": {"image": "product_images/IMG_1054_f76iob", "alt_text": "Red wine soap 1"}}, {"model": "myapp.productimage", "pk": 31, "fields": {"image": "product_images/IMG_1057_bnkkoa", "alt_text": "Red wine soap 2"}}, {"model": "myapp.productimage", "pk": 32, "fields": {"image": "product_images/IMG_1055_tmvs1r", "alt_text": "Red wine soap 3"}}, {"model": "myapp.productimage", "pk": 33, "fields": {"image": "product_images/IMG_1077_grjzze", "alt_text": "Donkey milk soap 1"}}, {"model": "myapp.productimage", "pk": 34, "fields": {"image": "product_images/IMG_1075_voavqc", "alt_text": "Donkey milk soap 2"}}, {"model": "myapp.productimage", "pk": 35, "fields": {"image": "product_images/IMG_1076_ifstz6", "alt_text": "Donkey milk soap 3"}}, {"model": "myapp.productimage", "pk": 36, "fields": {"image": "product_images/IMG_1094_zmxu4s", "alt_text": "Nalungumaavu soap 1"}}, {"model": "myapp.productimage", "pk": 37, "fields": {"image": "product_images/IMG_1096_i77zjs", "alt_text": "Nalungumaavu soap 2"}}, {"model": "myapp.productimage", "pk": 38, "fields": {"image": "product_images/IMG_1092_ppetcc", "alt_text": "Nalungumaavu soap 3"}}, {"model": "myapp.productimage", "pk": 39, "fields": {"image": "product_images/IMG_1067_orwghs", "alt_text": "Goat milk soap 1"}}, {"model": "myapp.productimage", "pk": 40, "fields": {"image": "product_images/IMG_1070_hfvewd", "alt_text": "Goat milk soap 2"}}, {"model": "myapp.productimage", "pk": 41, "fields": {"image": "product_images/IMG_1065_za2cep", "alt_text": "Goat milk soap 3"}}, {"model": "myapp.productimage", "pk": 42, "fields": {"image": "product_images/IMG_1030_ygtnp2", "alt_text": "Vetiver soap 1"}}, {"model": "myapp.productimage", "pk": 43, "fields": {"image": "product_images/IMG_1028_fam28w", "alt_text": "Vetiver soap 2"}}, {"model": "myapp.productimage", "pk": 44, "fields": {"image": "product_images/IMG_1033_xpdkd9", "alt_text": "Vetiver soap 3"}}, {"model": "myapp.productimage", "pk": 45, "fields": {"image": "product_images/IMG_1008_awcmyk", "alt_text": "Beetroot soap 1"}}, {"model": "myapp.productimage", "pk": 46, "fields": {"image": "product_images/IMG_0996_sakruh", "alt_text": "Beetroot soap 2"}}, {"model": "myapp.productimage", "pk": 47, "fields": {"image": "product_images/IMG_0985_e865z9", "alt_text": "Beetroot soap 3"}}, {"model": "myapp.productimage", "pk": 48, "fields": {"image": "product_images/IMG_1052_wul75h", "alt_text": "Papaya soap 1"}}, {"model": "myapp.productimage", "pk": 49, "fields": {"image": "product_images/IMG_1050_klzkyb", "alt_text": "Papaya soap 2"}}, {"model": "myapp.productimage", "pk": 50, "fields": {"image": "product_images/IMG_1048_coll8k", "alt_text": "Papaya soap 3"}}, {"model": "myapp.productimage", "pk": 51, "fields": {"image": "product_images/IMG_1041_iydkkz", "alt_text": "Avarampoo soap 1"}}, {"model": "myapp.productimage", "pk": 52, "fields": {"image": "product_images/IMG_1046_zbaojp", "alt_text": "Avarampoo soap 2"}}, {"model": "myapp.productimage", "pk": 53, "fields": {"image": "product_images/IMG_1044_x3uyz6", "alt_text": "Avarampoo soap 3"}}, {"model": "myapp.productimage", "pk": 54, "fields": {"image": "product_images/IMG_1091_m32bmk", "alt_text": "Potato soap 1"}}, {"model": "myapp.productimage", "pk": 55, "fields": {"image": "product_images/IMG_1088_tezgc1", "alt_text": "Potato soap 2"}}, {"model": "myapp.productimage", "pk": 56, "fields": {"image": "product_images/IMG_1090_fd1aof", "alt_text": "Potato soap 3"}}, {"model": "myapp.productimage", "pk": 57, "fields": {"image": "product_images/IMG_1085_ziafow", "alt_text": "Multhani mitti soap 1"}}, {"model": "myapp.productimage", "pk": 58, "fields": {"image": "product_images/IMG_1087_efkcqa", "alt_text": "Multhani mitti soap 2"}}, {"model": "myapp.productimage", "pk": 59, "fields": {"image": "product_images/IMG_1083_l5uxg7", "alt_text": "Multhani mitti soap 3"}}, {"model": "myapp.productimage", "pk": 60, "fields": {"image": "product_images/IMG_1115_o6wsra", "alt_text": "Red wine face wash 1"}}, {"model": "myapp.productimage", "pk": 61, "fields": {"image": "product_images/IMG_1132_dzpn1z", "alt_text": "Red wine face wash 2"}}, {"model": "myapp.productimage", "pk": 62, "fields": {"image": "product_images/IMG_1112_hoe191", "alt_text": "Red wine face wash 3"}}, {"model": "myapp.productimage", "pk": 63, "fields": {"image": "product_images/IMG_1104_li8vuu", "alt_text": "Charcoal  face wash 1"}}, {"model": "myapp.productimage", "pk": 64, "fields": {"image": "product_images/IMG_1135_omstn3", "alt_text": "Charcoal  face wash 2"}}, {"model": "myapp.productimage", "pk": 65, "fields": {"image": "product_images/IMG_1103_u3scax", "alt_text": "Charcoal  face wash 3"}}, {"model": "myapp.productimage", "pk": 66, "fields": {"image": "product_images/IMG_1143_og2sce", "alt_text": "Sun screen 1"}}, {"model": "myapp.productimage", "pk": 67, "fields": {"image": "product_images/IMG_1140_w2sozp", "alt_text": "Sun screen 2"}}, {"model": "myapp.productimage", "pk": 68, "fields": {"image": "product_images/IMG_1140_fhkfyl", "alt_text": "Sun screen 2"}}, {"model": "myapp.productimage", "pk": 69, "fields": {"image": "product_images/IMG_1141_jgdwoa", "alt_text": "Sun screen 3"}}, {"model": "myapp.productimage", "pk": 70, "fields": {"image": "product_images/IMG_1123_gb1r1e", "alt_text": "Beetroot  lip balm 1"}}, {"model": "myapp.productimage", "pk": 71, "fields": {"image": "product_images/IMG_1125_be3toi", "alt_text": "Beetroot  lip balm 2"}}, {"model": "myapp.productimage", "pk": 72, "fields": {"image": "product_images/IMG_1126_i9xslg", "alt_text": "Beetroot  lip balm 3"}}, {"model": "myapp.productimage", "pk": 73, "fields": {"image": "product_images/IMG_1138_i2dbpa", "alt_text": "Strawberry lip balm 1"}}, {"model": "myapp.productimage", "pk": 74, "fields": {"image": "product_images/IMG_11391_dq1qf3", "alt_text": "Strawberry lip balm 2"}}, {"model": "myapp.productimage", "pk": 75, "fields": {"image": "product_images/IMG_1110_p8xhk8", "alt_text": "Natural hair oil 1"}}, {"model": "myapp.productimage", "pk": 76, "fields": {"image": "product_images/IMG_1130_erys6i", "alt_text": "Natural hair oil 2"}}, {"model": "myapp.productimage", "pk": 77, "fields": {"image": "product_images/IMG_1108_rpeofn", "alt_text": "Natural hair oil 3"}}, {"model": "myapp.productimage", "pk": 78, "fields": {"image": "product_images/IMG_1122_n4x6l4", "alt_text": "3 in 1 shampoo 1"}}, {"model": "myapp.productimage", "pk": 79, "fields": {"image": "product_images/IMG_1137_cnuinw", "alt_text": "3 in 1 shampoo 2"}}, {"model": "myapp.productimage", "pk": 80, "fields": {"image": "product_images/IMG_1119_xkqhhw", "alt_text": "3 in 1 shampoo 3"}}, {"model": "myapp.offer", "pk": 4, "fields": {"product": 4, "image": "offer_images/IMG_1146_sodiia", "is_active": true}}, {"model": "myapp.offer", "pk": 5, "fields": {"product": 6, "image": "offer_images/IMG_1082_avd1gm", "is_active": true}}, {"model": "myapp.offer", "pk": 6, "fields": {"product": 24, "image": "offer_images/IMG_1122_rwg9v3", "is_active": true}}, {"model": "myapp.cart", "pk": 1, "fields": {"user": 1, "session_key": null, "created_at": "2025-06-02T12:11:46.964Z"}}, {"model": "myapp.cart", "pk": 2, "fields": {"user": 5, "session_key": null, "created_at": "2025-06-03T17:53:44.188Z"}}, {"model": "myapp.cart", "pk": 3, "fields": {"user": 2, "session_key": null, "created_at": "2025-06-03T18:37:48.032Z"}}, {"model": "myapp.cartitem", "pk": 3, "fields": {"cart": 2, "product": 3, "quantity": 1}}, {"model": "myapp.cartitem", "pk": 7, "fields": {"cart": 1, "product": 23, "quantity": 1}}, {"model": "myapp.cartitem", "pk": 8, "fields": {"cart": 1, "product": 18, "quantity": 3}}, {"model": "myapp.order", "pk": 3, "fields": {"user": 1, "status": "pending", "full_name": "hari", "phone": "9087821303", "address": "ghandi nagar", "city": "Erode", "state": "TamilNadu", "pincode": "632301", "payment_method": "UPI (Razorpay)", "created_at": "2025-06-02T19:18:12.346Z", "order_code": "1583", "expected_delivery": "2025-06-07", "payment_screenshot": null, "is_paid": false}}, {"model": "myapp.order", "pk": 6, "fields": {"user": 1, "status": "pending", "full_name": "hari", "phone": "9087821303", "address": "gandi nagar", "city": "Erode", "state": "TamilNadu", "pincode": "632301", "payment_method": "UPI (Razorpay)", "created_at": "2025-06-02T19:27:02.151Z", "order_code": "6309", "expected_delivery": "2025-06-07", "payment_screenshot": null, "is_paid": false}}, {"model": "myapp.order", "pk": 7, "fields": {"user": 2, "status": "pending", "full_name": "BeastHari", "phone": "9087821303", "address": "ghandinagar", "city": "Erode", "state": "Tamil Nadu", "pincode": "632301", "payment_method": "UPI (Razorpay)", "created_at": "2025-06-03T18:44:16.341Z", "order_code": "4599", "expected_delivery": "2025-06-08", "payment_screenshot": null, "is_paid": true}}, {"model": "myapp.order", "pk": 8, "fields": {"user": 1, "status": "pending", "full_name": "Procols", "phone": "9087821303", "address": "Kamaraj Nargar", "city": "Erode", "state": "Tamil Nadu", "pincode": "632301", "payment_method": "Manual UPI", "created_at": "2025-06-07T10:33:28.849Z", "order_code": "6683", "expected_delivery": "2025-06-12", "payment_screenshot": "image/upload/payment_screenshots/cate2.jpg", "is_paid": false}}, {"model": "myapp.order", "pk": 9, "fields": {"user": 1, "status": "pending", "full_name": "Procols", "phone": "9087821303", "address": "Kamaraj Nargar", "city": "Erode", "state": "Tamil Nadu", "pincode": "632301", "payment_method": "Static UPI Screenshot", "created_at": "2025-06-07T10:46:13.473Z", "order_code": "1377", "expected_delivery": "2025-06-12", "payment_screenshot": "image/upload/v1749293177/vcyzt3opjlzjbq3uq2mz.jpg", "is_paid": false}}, {"model": "myapp.orderitem", "pk": 2, "fields": {"order": 3, "product": 5, "quantity": 1, "price": "60.00"}}, {"model": "myapp.orderitem", "pk": 3, "fields": {"order": 6, "product": 3, "quantity": 1, "price": "299.00"}}, {"model": "myapp.orderitem", "pk": 4, "fields": {"order": 7, "product": 3, "quantity": 1, "price": "299.00"}}, {"model": "myapp.orderitem", "pk": 5, "fields": {"order": 8, "product": 23, "quantity": 1, "price": "299.00"}}, {"model": "myapp.orderitem", "pk": 6, "fields": {"order": 9, "product": 23, "quantity": 1, "price": "299.00"}}, {"model": "myapp.wishlist", "pk": 1, "fields": {"user": 1, "product": 3, "added_at": "2025-06-02T18:06:32.238Z"}}, {"model": "myapp.review", "pk": 1, "fields": {"user": 1, "rating": 5, "comment": "awsome", "created_at": "2025-06-02T09:46:04.715Z"}}, {"model": "myapp.review", "pk": 2, "fields": {"user": 2, "rating": 5, "comment": "very good products i started glowing", "created_at": "2025-06-03T07:44:00.889Z"}}, {"model": "myapp.review", "pk": 3, "fields": {"user": 3, "rating": 5, "comment": "product are best very natural", "created_at": "2025-06-03T16:18:04.467Z"}}, {"model": "myapp.review", "pk": 4, "fields": {"user": 5, "rating": 4, "comment": "good", "created_at": "2025-06-03T17:44:10.962Z"}}, {"model": "myapp.socialoffer", "pk": 1, "fields": {"product": 4, "gif": "video/upload/v1748890883/aarcdvtixrriaf7uyfdg.mp4", "is_active": true}}, {"model": "myapp.socialoffer", "pk": 2, "fields": {"product": 22, "gif": "video/upload/v1748890957/opweachpato5rxhcaclx.mp4", "is_active": true}}, {"model": "myapp.socialoffer", "pk": 3, "fields": {"product": 24, "gif": "video/upload/v1748890971/osglqjxfxvmlb1jr42ac.mp4", "is_active": true}}, {"model": "accounts.customuser", "pk": 1, "fields": {"password": "pbkdf2_sha256$1000000$lq1Aq2MhsAdLZ3Fxqa8jFH$UREfXNWsAPt36/wpBpiQb5BcNXNHnBB46o0BcAQzm5g=", "last_login": "2025-06-07T13:06:50.952Z", "is_superuser": true, "email": "connect.procols@gmail.com", "name": "Procols", "mobile": "9087821303", "pincode": "632301", "city": "Erode", "address": "Kamaraj Nargar", "is_active": true, "is_staff": true, "groups": [], "user_permissions": []}}, {"model": "accounts.customuser", "pk": 2, "fields": {"password": "pbkdf2_sha256$1000000$mYRnZRn8V8hVsKH7Y76ulJ$91/Jyuiu3sIG/eP8IBdWtvoBivCIwvh+AkwWAWn47OA=", "last_login": "2025-06-03T18:37:40.137Z", "is_superuser": false, "email": "beasthari03@gmail.com", "name": "BeastHari", "mobile": "9087821303", "pincode": "632301", "city": "Erode", "address": "ghandinagar", "is_active": true, "is_staff": false, "groups": [], "user_permissions": []}}, {"model": "accounts.customuser", "pk": 3, "fields": {"password": "pbkdf2_sha256$1000000$KM6xk8rToPi7uaEslWSvaP$G3oT3dH7CdrNG56S7R1a7RYRTeWYatcCagjgDL0eSjA=", "last_login": "2025-06-03T16:17:15.268Z", "is_superuser": false, "email": "beastharidiscord@gmail.com", "name": "Ajay", "mobile": "9087821303", "pincode": null, "city": null, "address": "", "is_active": true, "is_staff": false, "groups": [], "user_permissions": []}}, {"model": "accounts.customuser", "pk": 5, "fields": {"password": "pbkdf2_sha256$1000000$AQpqttLKsusz8lMmLqRciJ$ZZY6HarXGLDLYLSiCi1wfWXfnxj7dPQ5hKTWC2HS8IA=", "last_login": "2025-06-03T17:43:18.690Z", "is_superuser": false, "email": "ds@gmail.com", "name": "Boopesh", "mobile": "9087821302", "pincode": null, "city": null, "address": null, "is_active": true, "is_staff": false, "groups": [], "user_permissions": []}}]